date,open,high,low,close,adj_close,volume
2019-01-01,2316.22509765625,2329.300048828125,2290.5,2319.510009765625,2110.186767578125,444340
2019-01-02,2234.0,2234.0,2095.02490234375,2116.22998046875,1925.251708984375,4814970
2019-01-03,2104.0,2104.0,2015.0999755859375,2021.14501953125,1838.74755859375,4683010
2019-01-04,2032.5,2064.804931640625,2000.0999755859375,2010.3599853515625,1828.9356689453125,3418330
2019-01-07,2045.0,2047.699951171875,1975.5,1983.0400390625,1804.081298828125,2156680
2019-01-08,1985.5,2063.0,1978.5,2004.4649658203125,1823.57275390625,3664290
2019-01-09,1989.0,2039.7750244140625,1985.0,2029.10498046875,1845.9892578125,1637520
2019-01-10,2036.0,2060.0,2034.5050048828125,2055.610107421875,1870.102294921875,1021430
2019-01-11,2060.0,2076.72998046875,2038.699951171875,2050.760009765625,1865.6900634765625,1122200
2019-01-14,2062.800048828125,2062.919921875,2022.199951171875,2048.0400390625,1863.2154541015625,701210
2019-01-15,2054.0,2067.0,2048.0,2063.81494140625,1877.566650390625,633190
2019-01-16,2062.60009765625,2078.39501953125,2062.60009765625,2073.570068359375,1886.4415283203125,674680
2019-01-17,2080.0,2084.77490234375,2016.0450439453125,2036.9949951171875,1853.1671142578125,1037770
2019-01-18,2040.0,2042.5,1995.0,2012.2750244140625,1830.6781005859375,1081400
2019-01-21,2015.0999755859375,2029.7950439453125,1994.9749755859375,2002.800048828125,1822.05810546875,950380
2019-01-22,2000.0999755859375,2035.0,1990.0,2002.3599853515625,1821.65771484375,1378300
2019-01-23,2007.699951171875,2022.300048828125,1999.0999755859375,2008.9150390625,1827.62109375,535950
2019-01-24,2015.0,2033.0,2007.5,2011.56005859375,1830.027587890625,457230
2019-01-25,2020.0,2033.7750244140625,1983.510009765625,2004.9949951171875,1824.054931640625,671890
2019-01-28,2006.0999755859375,2024.0999755859375,1987.1600341796875,1998.739990234375,1818.3643798828125,1019070
2019-01-29,1999.9000244140625,2000.0,1880.0,1887.7249755859375,1717.367919921875,1931980
2019-01-30,1890.0,1909.489990234375,1880.0,1891.9150390625,1721.179931640625,1026320
2019-01-31,1912.0,1917.89501953125,1883.6099853515625,1900.574951171875,1729.058349609375,675110
2019-02-01,1909.0,2014.469970703125,1907.60498046875,1966.3399658203125,1788.888427734375,1857170
2019-02-04,1972.0,2043.1949462890625,1943.5,2012.8299560546875,1831.182861328125,1621290
2019-02-05,2016.0999755859375,2058.489990234375,2016.0,2047.9649658203125,1863.1470947265625,1018700
2019-02-06,2052.965087890625,2120.0,2052.965087890625,2110.425048828125,1919.970458984375,1297160
2019-02-07,2123.489990234375,2196.5,2115.070068359375,2190.419921875,1992.746337890625,1352940
2019-02-08,2185.5,2190.419921875,2075.0,2084.739990234375,1896.6033935546875,1234030
2019-02-11,2043.4000244140625,2145.955078125,2033.0999755859375,2075.31494140625,1888.0289306640625,2619820
2019-02-12,2047.0,2130.0,2007.0,2113.75,1922.9954833984375,2590360
2019-02-14,2016.0,2058.81005859375,1990.0,2001.6400146484375,1821.0028076171875,1403410
2019-02-15,2014.72998046875,2037.719970703125,1993.2049560546875,2023.4100341796875,1840.80810546875,1235950
2019-02-18,2043.300048828125,2045.0,2004.77001953125,2015.52001953125,1833.6302490234375,850970
2019-02-19,2020.0,2046.4549560546875,2012.0999755859375,2040.97998046875,1856.79248046875,654740
2019-02-20,2041.5,2065.0,2038.0,2052.85498046875,1867.5958251953125,698580
2019-02-21,2045.0,2063.469970703125,2025.0,2044.7449951171875,1860.2177734375,670210
2019-02-22,2057.699951171875,2070.0,2030.0,2059.544921875,1873.68212890625,740010
2019-02-25,2069.989990234375,2078.094970703125,2050.0,2070.47998046875,1883.6302490234375,462600
2019-02-26,2067.0,2087.4951171875,2040.010009765625,2062.0,1875.91552734375,878770
2019-02-27,2078.0849609375,2078.0849609375,2030.2049560546875,2040.7750244140625,1856.60595703125,624010
2019-02-28,2064.89990234375,2064.89990234375,1980.0,1986.9100341796875,1807.6021728515625,1870270
2019-03-01,1990.4000244140625,2003.1949462890625,1972.0,1994.864990234375,1814.839111328125,984330
2019-03-05,1950.0,2187.699951171875,1932.0,2150.5400390625,1956.46533203125,4523630
2019-03-06,2151.0,2180.0,2140.5,2150.39501953125,1956.33349609375,1265860
2019-03-07,2154.89990234375,2170.0,2141.125,2152.14990234375,1957.9300537109375,831150
2019-03-08,2152.0,2209.344970703125,2140.0048828125,2187.10498046875,1989.73046875,1957920
2019-03-11,2194.85498046875,2314.52001953125,2189.5,2297.2451171875,2089.93115234375,2485590
2019-03-12,2300.10009765625,2335.5,2227.2900390625,2246.195068359375,2043.4881591796875,1992480
2019-03-13,2248.8798828125,2289.800048828125,2246.199951171875,2277.72509765625,2072.1728515625,1461680
2019-03-14,2280.0,2298.695068359375,2250.10009765625,2261.989990234375,2057.857666015625,968750
2019-03-15,2283.800048828125,2283.800048828125,2242.60009765625,2261.235107421875,2057.1708984375,981900
2019-03-18,2260.0,2279.989990234375,2210.199951171875,2225.139892578125,2024.3330078125,993140
2019-03-19,2224.0,2224.0,2157.955078125,2175.909912109375,1979.545654296875,2011750
2019-03-20,2166.0,2185.0,2119.0,2133.800048828125,1941.236083984375,1371030
2019-03-22,2133.800048828125,2167.4599609375,2127.5,2144.68505859375,1951.1387939453125,2168820
2019-03-25,2139.0,2139.0,2105.094970703125,2115.135009765625,1924.25537109375,994230
2019-03-26,2127.5,2144.419921875,2100.5,2138.199951171875,1945.239013671875,1098830
2019-03-27,2140.10009765625,2148.5,2085.56494140625,2097.4150390625,1908.1346435546875,1175880
2019-03-28,2102.39990234375,2130.0,2078.10498046875,2089.89990234375,1901.297607421875,1255610
2019-04-01,2078.8701171875,2078.8701171875,1998.550048828125,2004.8399658203125,1823.9139404296875,1953970
2019-04-02,2031.0,2119.10498046875,2030.0999755859375,2058.35009765625,1872.5950927734375,3146450
2019-04-03,2040.0,2047.5999755859375,2011.219970703125,2020.27001953125,1837.951416015625,1232650
2019-04-04,2024.0,2060.0,1992.0999755859375,2048.955078125,1864.0478515625,1675580
2019-04-05,2060.5,2102.93505859375,2060.010009765625,2098.030029296875,1908.6942138671875,1276880
2019-04-08,2112.39990234375,2118.89990234375,2054.360107421875,2061.264892578125,1875.246826171875,865240
2019-04-09,2069.89990234375,2102.39990234375,2035.5,2094.7099609375,1905.673583984375,802560
2019-04-10,2084.0,2108.0,2065.0,2097.375,1908.09814453125,835500
2019-04-11,2090.0,2107.389892578125,2081.0400390625,2099.81494140625,1910.3179931640625,976450
2019-04-12,2102.72998046875,2143.0,2090.5048828125,2136.114990234375,1943.342041015625,1303510
2019-04-15,2136.199951171875,2156.0,2125.10009765625,2133.195068359375,1940.6856689453125,646040
2019-04-16,2153.0,2154.179931640625,2120.0,2127.054931640625,1935.0997314453125,617190
2019-04-18,2137.800048828125,2146.9951171875,2094.955078125,2102.389892578125,1912.6605224609375,694610
2019-04-22,2085.0,2099.47998046875,2034.5,2040.0849609375,1855.978271484375,615220
2019-04-23,2054.89990234375,2054.89990234375,2020.4549560546875,2031.489990234375,1848.1590576171875,731720
2019-04-24,2040.0,2058.0,2014.0,2053.155029296875,1867.868896484375,804610
2019-04-25,2051.044921875,2063.89990234375,2030.0,2034.02001953125,1850.460693359375,910660
2019-04-26,2035.0999755859375,2045.2550048828125,2017.5,2033.06494140625,1849.5916748046875,637860
2019-04-30,2027.0,2040.0,2015.0,2036.8299560546875,1853.01708984375,650900
2019-05-02,1999.0,2063.0,1986.0,2056.510009765625,1870.9210205078125,1095340
2019-05-03,2057.10009765625,2060.0,2034.0,2035.2349853515625,1851.56591796875,523280
2019-05-06,2020.0,2048.574951171875,2019.9000244140625,2034.989990234375,1851.3431396484375,550680
2019-05-07,2047.0,2057.989990234375,2027.0050048828125,2035.3199462890625,1851.6431884765625,489780
2019-05-08,2028.0,2047.0,2025.0,2033.655029296875,1850.1285400390625,430210
2019-05-09,2031.5,2049.0849609375,2022.760009765625,2036.0899658203125,1852.34375,437180
2019-05-10,2039.0,2041.7550048828125,2030.0999755859375,2035.4000244140625,1851.716064453125,547550
2019-05-13,2005.0,2012.0999755859375,1860.0,1875.175048828125,1705.9505615234375,3429730
2019-05-14,1831.0,1936.6400146484375,1820.5,1923.0899658203125,1749.54150390625,3745110
2019-05-15,1927.5,2016.89501953125,1923.0999755859375,1999.7750244140625,1819.3060302734375,2171650
2019-05-16,2005.0,2038.010009765625,1952.5,2030.5250244140625,1847.2811279296875,1266530
2019-05-17,2020.0,2100.0,2005.4200439453125,2093.699951171875,1904.7547607421875,1310990
2019-05-20,2145.0,2161.0,2107.364990234375,2129.719970703125,1937.5242919921875,1117100
2019-05-21,2124.0048828125,2137.5,2081.205078125,2090.175048828125,1901.5479736328125,603260
2019-05-22,2095.0,2130.0,2074.64990234375,2122.465087890625,1930.924072265625,744680
2019-05-23,2136.10009765625,2164.89990234375,2014.925048828125,2032.114990234375,1848.7275390625,1470400
2019-05-24,2055.0,2104.75,2035.0,2085.06494140625,1896.8990478515625,1094940
2019-05-27,2091.0,2114.9599609375,2076.5,2088.735107421875,1900.238037109375,662950
2019-05-28,2105.0,2105.0,2070.0,2079.010009765625,1891.3905029296875,917320
2019-05-29,2088.0,2092.72509765625,2036.06494140625,2042.375,1858.0615234375,689320
2019-05-30,2042.0,2049.989990234375,1982.0,1989.1500244140625,1809.6400146484375,1347270
2019-05-31,2010.0,2026.324951171875,1980.0,1994.7750244140625,1814.7574462890625,1118550
2019-06-03,1986.0,2007.0,1956.0050048828125,1994.81494140625,1814.7935791015625,1577560
2019-06-04,1999.4000244140625,2036.0,1978.3499755859375,2004.344970703125,1823.4635009765625,1279550
2019-06-06,2019.0,2036.0,1995.594970703125,2008.3800048828125,1827.134521484375,1262960
2019-06-07,2014.3900146484375,2021.989990234375,1985.0,1999.7750244140625,1819.3060302734375,722710
2019-06-10,2019.5,2032.074951171875,2002.5050048828125,2013.14501953125,1831.469482421875,426260
2019-06-11,2017.655029296875,2022.094970703125,2000.0400390625,2013.199951171875,1831.5194091796875,429390
2019-06-12,2015.199951171875,2020.0,1997.2950439453125,2010.594970703125,1829.1495361328125,418760
2019-06-13,2004.800048828125,2020.0,1990.0,2016.2049560546875,1834.253173828125,597650
2019-06-14,2000.0,2014.9949951171875,1960.0,1976.7049560546875,1798.31787109375,480610
2019-06-17,1975.0050048828125,1999.0,1963.800048828125,1972.7850341796875,1794.7518310546875,486340
2019-06-18,1975.0,1993.800048828125,1956.5799560546875,1973.18505859375,1795.11572265625,550870
2019-06-19,1983.0,2009.9000244140625,1970.0,1979.0699462890625,1800.469482421875,847590
2019-06-20,1989.9000244140625,1989.9000244140625,1962.0,1979.31494140625,1800.6925048828125,716150
2019-06-21,1979.0,1989.9000244140625,1965.324951171875,1971.9200439453125,1793.9649658203125,546620
2019-06-24,1977.0999755859375,1983.094970703125,1891.2099609375,1909.8199462890625,1737.468994140625,1240360
2019-06-25,1910.0550537109375,1924.8900146484375,1883.10498046875,1911.68505859375,1739.165771484375,1296560
2019-06-26,1905.010009765625,1932.5,1905.010009765625,1915.18505859375,1742.349853515625,816920
2019-06-27,1915.18505859375,1966.9000244140625,1915.18505859375,1947.9300537109375,1772.139892578125,1183940
2019-06-28,1954.949951171875,1963.47998046875,1908.0,1913.8800048828125,1741.1627197265625,760460
2019-07-01,1929.0,1974.989990234375,1920.0,1962.530029296875,1785.422119140625,1021530
2019-07-02,1930.0,2028.8800048828125,1929.9000244140625,2013.7449951171875,1832.0152587890625,1431860
2019-07-03,2010.0,2015.0,1958.06005859375,1965.010009765625,1787.6783447265625,922730
2019-07-04,1975.4649658203125,2009.5,1963.5999755859375,1982.5400390625,1803.62646484375,1051340
2019-07-05,1994.9300537109375,2004.5,1958.18505859375,1964.510009765625,1787.2236328125,753860
2019-07-08,1968.0,1975.3599853515625,1885.0999755859375,1903.2900390625,1731.5283203125,991410
2019-07-09,1918.0,1929.5400390625,1873.0050048828125,1903.8599853515625,1732.046875,1295640
2019-07-10,1899.0,1927.094970703125,1865.0,1875.0999755859375,1705.88232421875,831210
2019-07-11,1891.4949951171875,1906.6650390625,1882.0,1903.4150390625,1731.64208984375,695000
2019-07-12,1898.4150390625,1910.0,1886.0,1895.530029296875,1724.46875,833100
2019-07-15,1910.0,1919.800048828125,1878.75,1883.385009765625,1713.419677734375,500530
2019-07-16,1887.0,1910.0,1865.405029296875,1904.125,1732.2879638671875,602940
2019-07-17,1905.0,1905.0,1831.0050048828125,1843.3699951171875,1677.0157470703125,940840
2019-07-18,1853.0,1858.1199951171875,1835.0,1840.5999755859375,1674.49560546875,683830
2019-07-19,1852.699951171875,1854.0,1750.0,1766.4000244140625,1606.991943359375,1841410
2019-07-22,1772.5,1779.4100341796875,1697.4949951171875,1707.199951171875,1553.13427734375,2334480
2019-07-23,1720.0,1738.135009765625,1704.1600341796875,1709.844970703125,1555.540771484375,1131400
2019-07-24,1710.050048828125,1715.489990234375,1617.5,1638.10498046875,1501.2498779296875,2450250
2019-07-25,1620.0,1671.9849853515625,1618.7750244140625,1643.68505859375,1630.806884765625,2059680
2019-07-26,1644.3900146484375,1747.68994140625,1632.719970703125,1718.655029296875,1705.189453125,2300560
2019-07-29,1700.0,1700.0,1634.0,1638.81005859375,1625.969970703125,1531070
2019-07-30,1649.0,1672.5,1600.925048828125,1616.35498046875,1603.69091796875,1821980
2019-07-31,1625.199951171875,1645.1700439453125,1597.6600341796875,1634.8050537109375,1621.9964599609375,1548640
2019-08-01,1595.0,1676.0,1578.5999755859375,1656.280029296875,1643.3031005859375,2568280
2019-08-02,1615.0,1711.18505859375,1613.3299560546875,1690.5,1677.2550048828125,3003440
2019-08-05,1687.199951171875,1687.199951171875,1634.0050048828125,1650.4000244140625,1637.46923828125,1434390
2019-08-06,1641.0,1714.4549560546875,1641.0,1701.074951171875,1687.7470703125,1321600
2019-08-07,1681.5999755859375,1717.4749755859375,1634.0,1645.6650390625,1632.7713623046875,1540540
2019-08-08,1666.0,1690.0,1629.3199462890625,1681.1650390625,1667.9931640625,1341470
2019-08-09,1673.0150146484375,1778.7950439453125,1673.0150146484375,1758.7249755859375,1744.9454345703125,1828890
2019-08-13,1760.0,1764.9849853515625,1654.7750244140625,1664.5,1651.458740234375,1474660
2019-08-14,1699.5,1699.5,1640.114990234375,1657.4649658203125,1644.478759765625,2161060
2019-08-16,1660.0,1672.0,1618.3399658203125,1660.0450439453125,1647.0386962890625,1728990
2019-08-19,1680.0,1680.0,1629.260009765625,1633.77001953125,1620.969482421875,1350470
2019-08-20,1643.77001953125,1657.0,1583.0,1589.574951171875,1577.1207275390625,2414640
2019-08-21,1606.0,1628.0,1590.93994140625,1600.050048828125,1587.513671875,1797430
2019-08-22,1600.5,1605.199951171875,1548.0050048828125,1552.3349609375,1540.1724853515625,1596230
2019-08-23,1553.0,1557.4749755859375,1526.5150146484375,1538.344970703125,1526.2921142578125,2083250
2019-08-26,1609.9000244140625,1609.9000244140625,1520.0,1554.8199462890625,1542.637939453125,2701320
2019-08-27,1558.0050048828125,1621.5699462890625,1551.0999755859375,1599.5400390625,1587.0076904296875,2884330
2019-08-28,1599.97998046875,1634.2349853515625,1582.5250244140625,1629.7449951171875,1616.9759521484375,1933180
2019-08-29,1629.9000244140625,1670.0,1613.7650146484375,1653.800048828125,1640.842529296875,1813980
2019-08-30,1656.3800048828125,1666.5999755859375,1596.7049560546875,1625.844970703125,1613.1065673828125,1774600
2019-09-03,1597.0999755859375,1597.52001953125,1568.1600341796875,1577.5799560546875,1565.2196044921875,1926680
2019-09-04,1580.5,1593.2850341796875,1553.0,1564.239990234375,1551.9842529296875,1844770
2019-09-05,1574.9000244140625,1587.9949951171875,1554.114990234375,1575.4200439453125,1563.07666015625,1226400
2019-09-06,1581.56494140625,1649.9000244140625,1573.1700439453125,1640.7249755859375,1627.8699951171875,2475130
2019-09-09,1619.8599853515625,1647.0,1602.6500244140625,1620.675048828125,1607.97705078125,1925930
2019-09-11,1621.1300048828125,1709.0,1621.1300048828125,1701.364990234375,1688.0347900390625,2597820
2019-09-12,1704.0,1718.8199462890625,1652.1500244140625,1668.0550537109375,1654.98583984375,1919550
2019-09-13,1675.0,1688.0,1645.0,1668.93994140625,1655.8638916015625,1655140
2019-09-16,1658.0,1683.43505859375,1635.0999755859375,1676.4300537109375,1663.2952880859375,1119960
2019-09-17,1680.0,1685.9949951171875,1607.1949462890625,1628.4949951171875,1615.73583984375,1498790
2019-09-18,1650.0,1655.4949951171875,1584.199951171875,1603.0400390625,1590.480224609375,1677750
2019-09-19,1610.0,1618.0,1563.0,1575.25,1562.907958984375,1560270
2019-09-20,1587.5899658203125,1948.800048828125,1576.0,1786.02001953125,1772.026611328125,4954160
2019-09-23,1840.0,1950.0,1840.0,1923.93505859375,1908.861083984375,3307200
2019-09-24,1949.0,1956.5,1795.5,1843.425048828125,1828.9818115234375,2860100
2019-09-25,1835.0,1852.4000244140625,1740.5,1760.010009765625,1746.2203369140625,2085490
2019-09-26,1771.010009765625,1812.5,1753.0550537109375,1791.155029296875,1777.121337890625,1870460
2019-09-27,1770.0999755859375,1818.4300537109375,1755.0,1779.239990234375,1765.2996826171875,1480120
2019-09-30,1780.0,1800.0,1736.64501953125,1776.52001953125,1762.60107421875,1499570
2019-10-01,1796.0,1828.0,1759.4000244140625,1782.68505859375,1768.7177734375,2008420
2019-10-03,1782.5,1834.0,1772.31005859375,1828.4649658203125,1814.1390380859375,1228820
2019-10-04,1845.0,1850.89501953125,1785.7449951171875,1799.9000244140625,1785.7978515625,1431550
2019-10-07,1793.4949951171875,1815.3299560546875,1765.4649658203125,1800.06005859375,1785.9566650390625,794600
2019-10-09,1795.0050048828125,1830.0,1783.31005859375,1823.93505859375,1809.64453125,1112850
2019-10-10,1819.5,1819.5,1785.175048828125,1805.25,1791.10595703125,823540
2019-10-11,1809.0999755859375,1834.9000244140625,1790.0,1820.114990234375,1805.8544921875,946990
2019-10-14,1810.0,1845.0,1808.0,1832.7950439453125,1818.4351806640625,774670
2019-10-15,1831.0,1930.0,1828.5,1919.9100341796875,1904.8675537109375,2304110
2019-10-16,1918.800048828125,1930.0,1890.260009765625,1922.06005859375,1907.000732421875,1084750
2019-10-17,1950.0,2078.89990234375,1945.5,2049.18505859375,2033.1297607421875,3986370
2019-10-18,2060.0,2068.0,2006.510009765625,2027.5899658203125,2011.703857421875,2950660
2019-10-22,2027.5999755859375,2051.324951171875,1985.5,1997.885009765625,1982.231689453125,1613920
2019-10-23,1997.5999755859375,2074.090087890625,1977.9000244140625,2052.1201171875,2036.0418701171875,1854730
2019-10-24,2064.0,2118.85498046875,2052.114990234375,2103.235107421875,2086.75634765625,2248480
2019-10-25,2115.0,2141.5,2095.0048828125,2132.175048828125,2115.469482421875,1505220
2019-10-29,2132.364990234375,2215.0,2132.364990234375,2204.93994140625,2187.664306640625,1910470
2019-10-30,2225.0,2259.89990234375,2160.0,2251.14990234375,2233.51220703125,2022690
2019-10-31,2254.5,2268.02001953125,2230.10009765625,2253.81005859375,2236.151611328125,1376540
2019-11-01,2258.699951171875,2288.800048828125,2190.0048828125,2197.614990234375,2180.396728515625,1870250
2019-11-04,2224.0,2228.0,2156.0,2174.070068359375,2157.036376953125,1570140
2019-11-05,2175.0,2194.72998046875,2123.050048828125,2128.715087890625,2112.03662109375,1494120
2019-11-06,2137.0,2175.0,2103.4150390625,2160.554931640625,2143.626953125,1444450
2019-11-07,2167.0,2170.0,2117.114990234375,2142.39501953125,2125.609375,1055860
2019-11-08,2125.0,2205.570068359375,2120.0,2168.965087890625,2151.97119140625,1874110
2019-11-11,2164.0,2181.764892578125,2131.0048828125,2137.68994140625,2120.941162109375,944160
2019-11-13,2137.0,2182.39990234375,2120.0,2135.219970703125,2118.490478515625,1589070
2019-11-14,2150.0,2172.5,2135.5,2155.81494140625,2138.924072265625,980830
2019-11-15,2185.0,2190.0,2124.1298828125,2132.405029296875,2115.69775390625,1195330
2019-11-18,2142.89990234375,2158.0,2125.0,2147.739990234375,2130.91259765625,694660
2019-11-19,2160.0,2179.9951171875,2142.419921875,2174.735107421875,2157.696044921875,906060
2019-11-20,2174.699951171875,2174.699951171875,2139.5,2148.97998046875,2132.142822265625,735750
2019-11-21,2155.0,2199.800048828125,2145.0,2195.4599609375,2178.258544921875,1303740
2019-11-22,2176.6298828125,2296.5,2160.0,2275.320068359375,2257.492919921875,2512270
2019-11-25,2276.0,2341.60009765625,2276.0,2326.1298828125,2307.90478515625,1971380
2019-11-26,2334.97998046875,2345.0,2272.699951171875,2280.570068359375,2262.701904296875,1997340
2019-11-27,2299.080078125,2340.0,2287.239990234375,2302.1650390625,2284.127685546875,1340190
2019-11-28,2316.550048828125,2316.550048828125,2290.5,2309.159912109375,2291.067626953125,943210
2019-11-29,2305.199951171875,2307.9951171875,2265.0,2288.139892578125,2270.21240234375,1115780
2019-12-02,2271.5,2275.0,2164.044921875,2171.31005859375,2154.2978515625,2399780
2019-12-03,2171.300048828125,2199.195068359375,2122.199951171875,2137.27490234375,2120.529296875,2054080
2019-12-04,2132.574951171875,2176.89501953125,2113.5,2140.800048828125,2124.02685546875,1597410
2019-12-05,2169.0,2169.0,2132.5,2141.705078125,2124.9248046875,911910
2019-12-06,2150.0,2163.465087890625,2066.5,2092.0,2075.609130859375,1432060
2019-12-09,2100.0,2119.89990234375,2086.909912109375,2099.715087890625,2083.263916015625,984820
2019-12-10,2112.800048828125,2136.550048828125,2095.294921875,2125.919921875,2109.263427734375,979760
2019-12-11,2125.89501953125,2162.445068359375,2100.219970703125,2154.179931640625,2137.302001953125,1075180
2019-12-12,2158.169921875,2210.10009765625,2158.169921875,2195.35498046875,2178.154541015625,1254760
2019-12-13,2200.844970703125,2245.89990234375,2183.675048828125,2203.47509765625,2186.2109375,1401330
2019-12-16,2217.2451171875,2217.2451171875,2160.0,2165.10009765625,2148.13671875,890300
2019-12-17,2166.60009765625,2192.7900390625,2162.60498046875,2170.4951171875,2153.4892578125,1160650
2019-12-18,2175.0,2197.2451171875,2141.60009765625,2173.5849609375,2156.554931640625,1014430
2019-12-19,2176.010009765625,2250.594970703125,2170.905029296875,2242.715087890625,2225.1435546875,1809760
2019-12-20,2235.10009765625,2259.89990234375,2209.074951171875,2222.114990234375,2204.704833984375,1326790
2019-12-23,2212.010009765625,2244.0,2200.0,2217.614990234375,2200.239990234375,939940
2019-12-24,2219.9599609375,2243.0,2176.445068359375,2186.864990234375,2169.73095703125,1162270
2019-12-26,2199.0,2220.0,2190.110107421875,2204.570068359375,2187.29736328125,964810
2019-12-27,2218.344970703125,2232.02001953125,2190.199951171875,2222.235107421875,2204.823974609375,797560
2019-12-30,2227.0048828125,2287.659912109375,2218.044921875,2278.449951171875,2260.598388671875,1158460
2019-12-31,2278.0,2278.0,2238.675048828125,2251.52490234375,2233.88427734375,1142680
2020-01-01,2251.52490234375,2259.47509765625,2200.10009765625,2207.580078125,2190.28369140625,1086480
2020-01-02,2209.0,2234.18505859375,2147.110107421875,2160.0849609375,2143.16064453125,2285820
2020-01-03,2165.0,2166.594970703125,2111.0,2118.925048828125,2102.3232421875,1572970
2020-01-06,2110.0,2110.0,2073.949951171875,2086.044921875,2069.700927734375,1258710
2020-01-07,2095.0,2134.97998046875,2071.3798828125,2080.3798828125,2064.080078125,1371520
2020-01-08,2070.0,2070.0,1980.010009765625,1989.219970703125,1973.634521484375,2892860
2020-01-09,2023.800048828125,2050.0,1986.0,2032.8900146484375,2016.96240234375,2592870
2020-01-10,2033.0,2074.0,2025.02001953125,2043.2750244140625,2027.2659912109375,2169260
2020-01-13,2060.0,2060.010009765625,2006.3199462890625,2028.0,2012.1107177734375,1320920
2020-01-14,2027.0,2057.929931640625,2025.5,2048.969970703125,2032.9163818359375,1162260
2020-01-15,2044.0,2065.0,2030.0,2062.47998046875,2046.320556640625,1079560
2020-01-16,2069.89990234375,2160.0,2065.0,2153.625,2136.75146484375,2921950
2020-01-17,2150.905029296875,2177.0,2110.35498046875,2129.219970703125,2112.53759765625,1834850
2020-01-20,2138.0,2154.989990234375,2100.5,2136.510009765625,2119.7705078125,1005930
2020-01-21,2135.800048828125,2147.5,2097.030029296875,2105.655029296875,2089.1572265625,1032360
2020-01-22,2116.0,2128.0,2094.39990234375,2110.0,2093.46826171875,786810
2020-01-23,2107.0,2119.60009765625,2078.050048828125,2091.574951171875,2075.1875,1059580
2020-01-24,2098.0,2117.5,2080.0,2093.080078125,2076.680908203125,770750
2020-01-27,2085.0,2116.080078125,2077.5,2109.52001953125,2092.991943359375,971080
2020-01-28,2122.699951171875,2122.699951171875,2087.5,2108.6650390625,2092.143798828125,972770
2020-01-29,2123.60009765625,2123.60009765625,2010.0,2019.2249755859375,2003.4044189453125,2869250
2020-01-30,2020.0,2058.0,2020.0,2034.030029296875,2018.093505859375,1385590
2020-01-31,2045.0,2064.169921875,2021.0999755859375,2028.9300537109375,2013.033447265625,1021230
2020-02-03,1954.72998046875,2037.56005859375,1951.1650390625,1988.344970703125,1972.766357421875,1486370
2020-02-04,2000.0,2013.9949951171875,1945.0,1951.2650146484375,1935.9769287109375,1500920
2020-02-05,1971.199951171875,1980.0,1935.6099853515625,1948.7049560546875,1933.4368896484375,1283330
2020-02-06,1962.5,2064.159912109375,1926.0999755859375,2039.1199951171875,2023.1435546875,3945750
2020-02-07,2050.0,2051.695068359375,1966.6700439453125,1973.6300048828125,1958.1666259765625,2224150
2020-02-10,1985.5,1985.5,1879.0,1905.7249755859375,1890.793701171875,2437470
2020-02-11,1925.0,1936.89501953125,1894.5,1900.925048828125,1886.0313720703125,1295530
2020-02-12,1900.0,1936.0,1892.5799560546875,1927.7850341796875,1912.680908203125,1528370
2020-02-13,1927.0999755859375,1949.0,1917.0799560546875,1935.530029296875,1920.365234375,919630
2020-02-14,1927.0,1935.0,1850.5,1870.35498046875,1855.7008056640625,2318720
2020-02-17,1890.0,1894.875,1845.010009765625,1853.5899658203125,1839.067138671875,1292680
2020-02-18,1850.0,1879.1949462890625,1833.9599609375,1876.0350341796875,1861.3363037109375,1806500
2020-02-19,1890.5,1903.89501953125,1871.06005859375,1887.52001953125,1872.7313232421875,1322670
2020-02-20,1886.989990234375,1903.0,1854.449951171875,1884.864990234375,1870.09716796875,1249820
2020-02-24,1870.0,1870.0,1780.010009765625,1794.9949951171875,1780.9312744140625,1928210
2020-02-25,1813.5,1823.0,1732.0999755859375,1753.22998046875,1739.4935302734375,2568310
2020-02-26,1743.0,1760.0,1703.5400390625,1715.6949462890625,1702.2525634765625,2151130
2020-02-27,1716.780029296875,1724.800048828125,1690.6099853515625,1705.3399658203125,1691.9786376953125,2554810
2020-02-28,1669.699951171875,1684.800048828125,1631.7049560546875,1660.2349853515625,1647.22705078125,3264550
2020-03-02,1666.5999755859375,1778.2900390625,1664.300048828125,1701.3399658203125,1688.010009765625,3483700
2020-03-03,1750.0,1804.0999755859375,1740.0,1788.844970703125,1774.8294677734375,2747400
2020-03-04,1795.4000244140625,1828.0,1687.0,1725.4200439453125,1711.9013671875,4186090
2020-03-05,1745.0,1788.800048828125,1716.1800537109375,1777.5350341796875,1763.608154296875,2313750
2020-03-06,1735.0,1787.1500244140625,1682.199951171875,1774.35498046875,1760.4530029296875,1707910
2020-03-09,1709.9000244140625,1799.9000244140625,1704.5150146484375,1788.5799560546875,1774.5665283203125,1932250
2020-03-11,1788.5799560546875,1826.6949462890625,1751.699951171875,1775.3599853515625,1761.4500732421875,2219090
2020-03-12,1699.97998046875,1728.1500244140625,1670.0,1687.7750244140625,1674.5513916015625,3635550
2020-03-13,1590.0,1852.864990234375,1520.199951171875,1767.2149658203125,1753.368896484375,2794020
2020-03-16,1687.489990234375,1735.675048828125,1636.0,1649.3699951171875,1636.447265625,1924950
2020-03-17,1671.0,1746.0,1660.0050048828125,1706.1099853515625,1692.74267578125,1675350
2020-03-18,1711.010009765625,1745.0,1582.81494140625,1595.4150390625,1582.9150390625,1589120
2020-03-19,1515.0,1607.0,1485.3050537109375,1504.64501953125,1504.64501953125,1611810
2020-03-20,1539.449951171875,1599.9000244140625,1446.56494140625,1567.844970703125,1567.844970703125,2113350
2020-03-23,1435.0999755859375,1724.0,1332.6700439453125,1370.5899658203125,1370.5899658203125,1443300
2020-03-24,1400.0,1455.5,1388.0,1420.8499755859375,1420.8499755859375,1126980
2020-03-25,1370.5,1480.0,1370.5,1451.6600341796875,1451.6600341796875,761180
2020-03-26,1463.0,1516.5999755859375,1450.0,1475.7950439453125,1475.7950439453125,2048910
2020-03-27,1524.300048828125,1539.5999755859375,1400.0,1431.97998046875,1431.97998046875,1106270
2020-03-30,1409.800048828125,1409.800048828125,1310.0,1333.31005859375,1333.31005859375,2263090
2020-03-31,1365.9000244140625,1367.614990234375,1295.0,1309.5899658203125,1309.5899658203125,1672550
2020-04-01,1309.5899658203125,1331.9000244140625,1272.5,1300.1600341796875,1300.1600341796875,1387180
2020-04-03,1306.0,1309.989990234375,1260.0,1268.0050048828125,1268.0050048828125,1806810
2020-04-07,1307.0799560546875,1321.199951171875,1245.010009765625,1309.60498046875,1309.60498046875,2405590
2020-04-08,1300.0,1365.0,1280.0,1315.8499755859375,1315.8499755859375,2799990
2020-04-09,1340.0,1404.614990234375,1316.260009765625,1374.22998046875,1374.22998046875,3618730
2020-04-13,1373.0,1373.0,1330.5,1340.0550537109375,1340.0550537109375,1266210
2020-04-15,1360.0,1387.1949462890625,1312.27001953125,1331.489990234375,1331.489990234375,2755930
2020-04-16,1331.5,1353.385009765625,1304.199951171875,1337.135009765625,1337.135009765625,2501460
2020-04-17,1376.0,1497.7950439453125,1361.9000244140625,1477.0350341796875,1477.0350341796875,5656840
2020-04-20,1477.0350341796875,1480.0350341796875,1406.030029296875,1421.4449462890625,1421.4449462890625,2999770
2020-04-21,1395.5150146484375,1398.5,1345.0,1349.5,1349.5,1656250
2020-04-22,1349.5,1394.4949951171875,1320.0,1370.3299560546875,1370.3299560546875,2765770
2020-04-23,1380.0,1425.0,1371.0,1406.8349609375,1406.8349609375,2072670
2020-04-24,1406.800048828125,1409.0999755859375,1350.510009765625,1358.9200439453125,1358.9200439453125,1799440
2020-04-27,1390.199951171875,1420.0,1381.489990234375,1399.949951171875,1399.949951171875,1836150
2020-04-28,1411.0,1438.5,1410.050048828125,1432.68505859375,1432.68505859375,1846940
2020-04-29,1440.989990234375,1445.0,1412.5550537109375,1431.574951171875,1431.574951171875,1477410
2020-04-30,1458.02001953125,1490.0,1440.199951171875,1470.7950439453125,1470.7950439453125,3472310
2020-05-04,1439.0,1439.0,1361.43505859375,1374.8800048828125,1374.8800048828125,1924440
2020-05-05,1400.0,1416.2900390625,1366.5999755859375,1381.094970703125,1381.094970703125,1524890
2020-05-06,1382.5,1417.5400390625,1360.0,1385.9949951171875,1385.9949951171875,1871230
2020-05-07,1385.9949951171875,1410.5,1371.2900390625,1401.050048828125,1401.050048828125,1270450
2020-05-08,1423.0799560546875,1433.0799560546875,1357.0999755859375,1385.885009765625,1385.885009765625,1643300
2020-05-11,1405.9949951171875,1455.0,1400.0,1428.89501953125,1428.89501953125,1958240
2020-05-12,1424.0,1426.9449462890625,1378.9000244140625,1416.7049560546875,1416.7049560546875,1479050
2020-05-13,1497.0,1497.0,1418.469970703125,1427.1650390625,1427.1650390625,2529370
2020-05-14,1412.0,1427.0150146484375,1398.0,1403.18505859375,1403.18505859375,1481780
2020-05-15,1408.0,1419.9000244140625,1365.0,1409.9599609375,1409.9599609375,2350250
2020-05-18,1405.02001953125,1405.02001953125,1285.5450439453125,1298.8199462890625,1298.8199462890625,2752580
2020-05-19,1330.0,1334.6300048828125,1287.5050048828125,1296.6199951171875,1296.6199951171875,2506930
2020-05-20,1296.6199951171875,1380.0,1286.800048828125,1367.510009765625,1367.510009765625,2665330
2020-05-21,1347.699951171875,1419.9000244140625,1335.6099853515625,1408.760009765625,1408.760009765625,3221910
2020-05-22,1390.0999755859375,1409.7950439453125,1370.0,1392.239990234375,1392.239990234375,1836960
2020-05-26,1410.5,1487.5,1406.5,1480.510009765625,1480.510009765625,3191320
2020-05-27,1488.0,1512.0,1450.5,1496.6949462890625,1496.6949462890625,3017880
2020-05-28,1512.0,1643.0,1504.800048828125,1623.6500244140625,1623.6500244140625,8154230
2020-05-29,1590.300048828125,1699.6949462890625,1580.0999755859375,1654.844970703125,1654.844970703125,8504020
2020-06-01,1690.0,1738.0,1680.1300048828125,1698.574951171875,1698.574951171875,4643120
2020-06-02,1720.0,1750.0,1700.0,1739.625,1739.625,3968190
2020-06-03,1790.0,1790.0,1740.0050048828125,1754.2850341796875,1754.2850341796875,2850790
2020-06-04,1747.5,1770.0,1705.47998046875,1727.2950439453125,1727.2950439453125,3037820
2020-06-05,1745.0,1762.0,1731.010009765625,1749.5350341796875,1749.5350341796875,1950650
2020-06-08,1785.0,1786.5450439453125,1679.0,1689.4849853515625,1689.4849853515625,2735380
2020-06-09,1695.0,1734.81005859375,1665.280029296875,1702.68505859375,1702.68505859375,3252740
2020-06-10,1702.68505859375,1726.9599609375,1692.7099609375,1709.0050048828125,1709.0050048828125,1626270
2020-06-11,1709.0050048828125,1725.0,1628.675048828125,1644.280029296875,1644.280029296875,2190020
2020-06-12,1560.0,1698.9749755859375,1559.1099853515625,1685.72998046875,1685.72998046875,3796470
2020-06-15,1659.9949951171875,1735.0999755859375,1627.6099853515625,1648.1949462890625,1648.1949462890625,5365180
2020-06-16,1700.0,1700.0,1638.2099609375,1670.905029296875,1670.905029296875,3577860
2020-06-17,1680.0,1696.0,1655.0,1679.68505859375,1679.68505859375,2521910
2020-06-18,1678.8499755859375,1718.0,1661.010009765625,1711.60498046875,1711.60498046875,2089520
2020-06-19,1720.0,1755.0,1688.0,1734.93505859375,1734.93505859375,3119310
2020-06-22,1734.93505859375,1779.4749755859375,1721.7249755859375,1758.89501953125,1758.89501953125,2342470
2020-06-23,1761.0,1800.0,1761.0,1789.114990234375,1789.114990234375,2064180
2020-06-24,1810.0,1849.0,1785.0050048828125,1843.68505859375,1843.68505859375,3383890
2020-06-25,1837.4949951171875,1837.4949951171875,1792.0,1809.0699462890625,1809.0699462890625,2768290
2020-06-26,1829.0,1855.1099853515625,1809.699951171875,1847.3399658203125,1847.3399658203125,2248860
2020-06-29,1837.7449951171875,1847.0,1802.0,1811.3499755859375,1811.3499755859375,1948400
2020-06-30,1825.0,1853.0,1820.0999755859375,1833.4300537109375,1833.4300537109375,2009460
2020-07-01,1854.0,1864.9549560546875,1830.0999755859375,1840.1949462890625,1840.1949462890625,2334860
2020-07-02,1840.1949462890625,1854.89501953125,1797.0,1835.3599853515625,1835.3599853515625,2765680
2020-07-03,1835.3599853515625,1924.9000244140625,1835.3599853515625,1898.3499755859375,1898.3499755859375,2507160
2020-07-06,1967.0,1967.0,1907.1800537109375,1925.094970703125,1925.094970703125,2833920
2020-07-07,1925.094970703125,2005.550048828125,1925.0,1993.06494140625,1993.06494140625,2872780
2020-07-08,1993.06494140625,2010.0,1931.135009765625,1939.1700439453125,1939.1700439453125,3568650
2020-07-09,1957.0,1965.0,1929.864990234375,1948.324951171875,1948.324951171875,2742010
2020-07-10,1950.0,1974.5,1935.0,1944.7850341796875,1944.7850341796875,2044230
2020-07-13,1961.0,1972.9000244140625,1945.0,1965.5,1965.5,1331720
2020-07-14,1965.5,1965.9599609375,1869.4549560546875,1885.0150146484375,1885.0150146484375,2475010
2020-07-15,1901.0,1919.9000244140625,1846.5,1856.2550048828125,1856.2550048828125,2823590
2020-07-16,1860.0,1903.9000244140625,1832.5,1863.9549560546875,1863.9549560546875,2654550
2020-07-17,1871.0,1912.300048828125,1865.14501953125,1881.0799560546875,1881.0799560546875,1672170
2020-07-20,1895.0,1928.0,1876.699951171875,1918.7650146484375,1918.7650146484375,1604480
2020-07-21,1929.2049560546875,2028.699951171875,1929.2049560546875,2011.6650390625,2011.6650390625,3687060
2020-07-22,2024.0,2030.0,1974.199951171875,1989.0550537109375,1989.0550537109375,3357870
2020-07-23,1988.0,2104.534912109375,1976.0150146484375,2088.2451171875,2088.2451171875,4460610
2020-07-24,2020.0,2087.10009765625,2020.0,2080.034912109375,2080.034912109375,3947910
2020-07-27,2080.034912109375,2085.0,2040.0,2053.77001953125,2053.77001953125,1922910
2020-07-28,2055.969970703125,2116.820068359375,2055.0,2105.324951171875,2105.324951171875,2622890
2020-07-29,2099.89990234375,2155.0,2090.02490234375,2140.094970703125,2140.094970703125,2264820
2020-07-30,2145.0,2172.5,2103.139892578125,2120.135009765625,2120.135009765625,2464430
2020-07-31,2144.135009765625,2148.659912109375,2056.699951171875,2063.8701171875,2063.8701171875,2190550
2020-08-03,2072.5,2129.39990234375,2065.320068359375,2078.215087890625,2078.215087890625,2018580
2020-08-04,2104.5,2127.4951171875,2080.0,2101.56494140625,2101.56494140625,1557610
2020-08-05,2121.0849609375,2226.830078125,2116.0,2195.875,2195.875,2380920
2020-08-06,2195.955078125,2209.9951171875,2155.875,2168.1298828125,2168.1298828125,2035230
2020-08-07,2170.0,2214.284912109375,2156.0,2180.735107421875,2180.735107421875,1952900
2020-08-10,2189.800048828125,2199.89990234375,2124.0,2135.31005859375,2135.31005859375,1681940
2020-08-11,2158.0,2167.0,2125.0,2144.264892578125,2144.264892578125,1619100
2020-08-12,2169.9951171875,2233.9951171875,2150.0,2211.6650390625,2211.6650390625,2986670
2020-08-13,2211.6650390625,2229.9951171875,2155.514892578125,2167.294921875,2167.294921875,2203610
2020-08-14,2169.800048828125,2175.014892578125,2006.6650390625,2014.4150390625,2014.4150390625,5919120
2020-08-17,2047.199951171875,2134.010009765625,2014.4150390625,2113.469970703125,2113.469970703125,6533930
2020-08-18,2111.570068359375,2166.9599609375,2107.135009765625,2140.469970703125,2140.469970703125,3396910
2020-08-19,2155.0,2178.10009765625,2116.5,2126.135009765625,2126.135009765625,2854830
2020-08-20,2120.0,2153.0,2090.0,2137.135009765625,2137.135009765625,2243200
2020-08-21,2170.0,2184.39990234375,2148.0,2170.239990234375,2170.239990234375,2613150
2020-08-24,2199.449951171875,2387.25,2151.699951171875,2176.449951171875,2176.449951171875,11491305
2020-08-25,2214.0,2250.0,2182.14990234375,2217.25,2217.25,4757108
2020-08-26,2280.050048828125,2288.0,2235.0,2248.85009765625,2248.85009765625,2439339
2020-08-27,2249.75,2255.0,2215.0,2236.35009765625,2236.35009765625,1370404
2020-08-28,2240.0,2256.0,2200.0,2213.60009765625,2213.60009765625,1470617
2020-08-31,2225.0,2229.0,2072.75,2092.0,2092.0,3087530
2020-09-01,2110.0,2174.0,2106.0,2131.10009765625,2131.10009765625,2255675
2020-09-02,2131.10009765625,2187.64990234375,2101.39990234375,2169.85009765625,2169.85009765625,1972531
2020-09-03,2175.0,2260.0,2162.5,2231.14990234375,2231.14990234375,2577059
2020-09-04,2167.0,2226.0,2165.0,2180.85009765625,2180.85009765625,1516060
2020-09-07,2205.0,2215.0,2156.0,2192.89990234375,2192.89990234375,1354383
2020-09-08,2203.89990234375,2217.0,2150.0,2161.5,2161.5,1180325
2020-09-09,2139.89990234375,2190.800048828125,2125.64990234375,2176.949951171875,2176.949951171875,1357699
2020-09-10,2196.949951171875,2198.0,2152.60009765625,2175.60009765625,2175.60009765625,948267
2020-09-11,2165.0,2178.699951171875,2140.10009765625,2160.300048828125,2160.300048828125,1143868
2020-09-14,2165.0,2198.0,2148.300048828125,2159.39990234375,2159.39990234375,1180377
2020-09-15,2159.39990234375,2170.300048828125,2120.0,2140.60009765625,2140.60009765625,1264201
2020-09-16,2155.0,2187.85009765625,2145.0,2163.75,2163.75,1031516
2020-09-17,2146.0,2161.949951171875,2125.0,2145.449951171875,2145.449951171875,768952
2020-09-18,2160.0,2203.800048828125,2135.199951171875,2152.949951171875,2152.949951171875,1310088
2020-09-21,2153.050048828125,2160.89990234375,2088.10009765625,2102.949951171875,2102.949951171875,1944477
2020-09-22,2104.0,2122.14990234375,2033.6500244140625,2064.35009765625,2064.35009765625,1519039
2020-09-23,2084.949951171875,2126.85009765625,2050.0,2076.800048828125,2076.800048828125,1353975
2020-09-24,2052.449951171875,2079.0,2023.0,2034.449951171875,2034.449951171875,1346209
2020-09-25,2063.89990234375,2135.0,2050.0,2117.5,2117.5,1532674
2020-09-28,2135.0,2209.0,2128.0,2180.949951171875,2180.949951171875,1138014
2020-09-29,2190.0,2218.5,2180.0,2198.5,2198.5,1337331
2020-09-30,2204.89990234375,2221.0,2185.64990234375,2202.800048828125,2202.800048828125,925934
2020-10-01,2190.0,2230.0,2180.85009765625,2197.64990234375,2197.64990234375,999891
2020-10-05,2210.64990234375,2225.0,2182.199951171875,2210.14990234375,2210.14990234375,930504
2020-10-06,2223.800048828125,2235.0,2176.10009765625,2197.60009765625,2197.60009765625,2754316
2020-10-07,2208.0,2255.0,2170.0,2238.0,2238.0,1517302
2020-10-08,2253.0,2256.800048828125,2175.0,2208.800048828125,2208.800048828125,1515381
2020-10-09,2211.199951171875,2234.699951171875,2196.64990234375,2217.949951171875,2217.949951171875,1207901
2020-10-12,2233.0,2233.0,2171.14990234375,2181.35009765625,2181.35009765625,1098858
2020-10-13,2184.25,2235.0,2178.35009765625,2219.550048828125,2219.550048828125,1587481
2020-10-14,2201.199951171875,2266.89990234375,2190.0,2253.89990234375,2253.89990234375,1358092
2020-10-15,2252.050048828125,2303.0,2226.050048828125,2248.60009765625,2248.60009765625,1900928
2020-10-16,2244.0,2285.0,2244.0,2269.89990234375,2269.89990234375,815976
2020-10-19,2280.0,2280.0,2185.199951171875,2198.14990234375,2198.14990234375,1263185
2020-10-20,2210.0,2235.0,2190.0,2194.449951171875,2194.449951171875,976226
2020-10-21,2212.300048828125,2222.5,2143.10009765625,2181.35009765625,2181.35009765625,1308299
2020-10-22,2178.89990234375,2178.89990234375,2140.0,2159.449951171875,2159.449951171875,1021353
2020-10-23,2162.0,2198.5,2160.0,2181.89990234375,2181.89990234375,1153577
2020-10-26,2188.0,2214.64990234375,2091.14990234375,2108.10009765625,2108.10009765625,1551460
2020-10-27,2115.0,2134.89990234375,2081.0,2118.25,2118.25,1019769
2020-10-28,2125.449951171875,2146.35009765625,2100.5,2135.0,2135.0,1041016
2020-10-29,2130.0,2145.0,2100.050048828125,2136.85009765625,2136.85009765625,834115
2020-10-30,2123.199951171875,2147.39990234375,2070.550048828125,2085.60009765625,2085.60009765625,1013498
2020-11-02,2079.800048828125,2096.10009765625,2015.199951171875,2029.6500244140625,2029.6500244140625,1131510
2020-11-03,2038.0,2115.0,2038.0,2095.0,2095.0,1939408
2020-11-04,2093.0,2124.949951171875,2070.0,2097.39990234375,2097.39990234375,1114904
2020-11-05,2122.0,2142.199951171875,2103.0,2119.800048828125,2119.800048828125,828400
2020-11-06,2128.0,2153.949951171875,2112.0,2139.050048828125,2139.050048828125,996379
2020-11-09,2153.0,2201.949951171875,2142.0,2192.85009765625,2192.85009765625,1129889
2020-11-10,2212.0,2257.449951171875,2192.199951171875,2234.85009765625,2234.85009765625,986762
2020-11-11,2234.85009765625,2333.0,2221.699951171875,2326.699951171875,2326.699951171875,2127849
2020-11-12,2326.0,2368.5,2302.0,2350.75,2350.75,1905794
2020-11-13,2318.0,2574.39990234375,2317.5,2514.60009765625,2514.60009765625,9475210
2020-11-17,2540.550048828125,2564.0,2491.14990234375,2541.699951171875,2541.699951171875,2112263
2020-11-18,2526.0,2630.0,2513.699951171875,2614.14990234375,2614.14990234375,1880217
2020-11-19,2566.10009765625,2658.0,2538.5,2551.25,2551.25,2433481
2020-11-20,2565.0,2600.0,2542.300048828125,2590.64990234375,2590.64990234375,1394396
2020-11-23,2595.550048828125,2606.550048828125,2560.0,2597.35009765625,2597.35009765625,823238
2020-11-24,2596.0,2715.0,2590.10009765625,2693.300048828125,2693.300048828125,2418981
2020-11-25,2696.0,2727.0,2581.25,2595.10009765625,2595.10009765625,1758420
2020-11-26,2610.0,2613.0,2522.5,2549.199951171875,2549.199951171875,2083338
2020-11-27,2566.0,2618.0,2515.10009765625,2534.64990234375,2534.64990234375,2597507
2020-12-01,2559.949951171875,2584.89990234375,2525.0,2532.699951171875,2532.699951171875,1227343
2020-12-02,2528.0,2549.89990234375,2507.0,2532.5,2532.5,1293136
2020-12-03,2555.0,2580.0,2535.0,2549.5,2549.5,1073359
2020-12-04,2564.800048828125,2597.699951171875,2532.5,2553.5,2553.5,1140298
2020-12-07,2553.5,2573.550048828125,2540.0,2561.14990234375,2561.14990234375,723083
2020-12-08,2561.14990234375,2609.0,2515.35009765625,2548.199951171875,2548.199951171875,1303426
2020-12-09,2551.10009765625,2560.64990234375,2530.10009765625,2547.25,2547.25,954150
2020-12-10,2558.0,2558.0,2487.10009765625,2492.64990234375,2492.64990234375,1106304
2020-12-11,2492.64990234375,2507.949951171875,2451.85009765625,2470.800048828125,2470.800048828125,1488286
2020-12-14,2465.0,2465.0,2392.300048828125,2400.449951171875,2400.449951171875,2480823
2020-12-15,2410.800048828125,2488.0,2409.5,2475.199951171875,2475.199951171875,2907490
2020-12-16,2500.0,2506.449951171875,2446.0,2470.10009765625,2470.10009765625,1462297
2020-12-17,2471.699951171875,2495.0,2440.0,2466.60009765625,2466.60009765625,1059879
2020-12-18,2459.0,2490.0,2425.199951171875,2480.949951171875,2480.949951171875,849960
2020-12-21,2460.0,2497.35009765625,2340.60009765625,2396.39990234375,2396.39990234375,1194154
2020-12-22,2400.0,2464.0,2382.449951171875,2446.699951171875,2446.699951171875,1197777
2020-12-23,2446.0,2474.949951171875,2417.0,2446.699951171875,2446.699951171875,954704
2020-12-24,2459.0,2474.0,2427.5,2436.75,2436.75,599386
2020-12-28,2441.10009765625,2462.0,2425.550048828125,2451.35009765625,2451.35009765625,711668
2020-12-29,2455.0,2503.0,2435.85009765625,2460.550048828125,2460.550048828125,1955329
2020-12-30,2479.0,2525.0,2454.35009765625,2517.35009765625,2517.35009765625,2429452
2020-12-31,2530.0,2547.35009765625,2485.10009765625,2530.89990234375,2530.89990234375,1763710
2021-01-01,2531.0,2555.0,2515.800048828125,2542.699951171875,2542.699951171875,914818
2021-01-04,2591.0,2670.0,2580.0,2655.699951171875,2655.699951171875,3287511
2021-01-05,2630.0,2685.0,2616.0,2674.89990234375,2674.89990234375,1494362
2021-01-06,2668.0,2672.0,2610.0,2645.35009765625,2645.35009765625,949386
2021-01-07,2660.0,2715.64990234375,2640.75,2649.800048828125,2649.800048828125,1250528
2021-01-08,2661.0,2771.300048828125,2661.0,2760.85009765625,2760.85009765625,2585123
2021-01-11,2767.0,2808.64990234375,2726.699951171875,2777.14990234375,2777.14990234375,1616318
2021-01-12,2777.199951171875,2949.0,2777.199951171875,2881.64990234375,2881.64990234375,4829997
2021-01-13,2869.5,2910.39990234375,2836.64990234375,2868.64990234375,2868.64990234375,1878124
2021-01-14,2880.0,2906.949951171875,2841.0,2886.60009765625,2886.60009765625,1159961
2021-01-15,2880.0,2902.0,2840.0,2857.300048828125,2857.300048828125,882692
2021-01-18,2853.14990234375,2912.699951171875,2815.0,2873.0,2873.0,2069601
2021-01-19,2888.0,2929.0,2852.14990234375,2883.5,2883.5,1447495
2021-01-20,2887.199951171875,2964.0,2865.64990234375,2881.550048828125,2881.550048828125,1760329
2021-01-21,2896.0,2955.0,2895.050048828125,2926.60009765625,2926.60009765625,1451173
2021-01-22,2900.0,3037.0,2900.0,2972.60009765625,2972.60009765625,3091826
2021-01-25,3029.949951171875,3029.949951171875,2851.25,2869.550048828125,2869.550048828125,2024082
2021-01-27,2899.949951171875,2932.39990234375,2769.5,2789.89990234375,2789.89990234375,2574644
2021-01-28,2780.0,2830.0,2738.35009765625,2798.449951171875,2798.449951171875,1430646
2021-01-29,2812.39990234375,2870.449951171875,2726.949951171875,2744.300048828125,2744.300048828125,2067268
2021-02-01,2777.0,2868.050048828125,2698.550048828125,2842.85009765625,2842.85009765625,1847361
2021-02-02,2920.0,2920.0,2825.949951171875,2904.85009765625,2904.85009765625,2125895
2021-02-03,2904.85009765625,2948.0,2871.5,2916.89990234375,2916.89990234375,1349528
2021-02-04,2900.89990234375,2978.0,2881.0,2963.449951171875,2963.449951171875,1259327
2021-02-05,2973.199951171875,2990.0,2905.199951171875,2932.14990234375,2932.14990234375,915838
2021-02-08,2934.0,2986.0,2930.10009765625,2970.39990234375,2970.39990234375,654484
2021-02-09,2993.300048828125,3018.0,2936.050048828125,2947.64990234375,2947.64990234375,1127584
2021-02-10,2968.0,2998.89990234375,2876.75,2901.300048828125,2901.300048828125,2160932
2021-02-11,2750.0,2840.800048828125,2701.300048828125,2818.14990234375,2818.14990234375,4481414
2021-02-12,2840.0,2844.949951171875,2765.050048828125,2781.25,2781.25,1907486
2021-02-15,2796.0,2809.0,2758.0,2770.050048828125,2770.050048828125,930514
2021-02-16,2770.050048828125,2778.14990234375,2692.449951171875,2726.949951171875,2726.949951171875,1525475
2021-02-17,2720.0,2745.0,2685.0,2695.5,2695.5,1491311
2021-02-18,2701.10009765625,2712.85009765625,2625.0,2650.199951171875,2650.199951171875,1924724
2021-02-19,2646.0,2647.89990234375,2570.0,2584.64990234375,2584.64990234375,1588781
2021-02-22,2586.10009765625,2590.0,2450.0,2482.35009765625,2482.35009765625,2189183
2021-02-23,2476.199951171875,2549.800048828125,2456.85009765625,2514.699951171875,2514.699951171875,1821712
2021-02-24,2530.050048828125,2562.85009765625,2500.0,2535.800048828125,2535.800048828125,807585
2021-02-25,2555.0,2558.949951171875,2517.0,2551.949951171875,2551.949951171875,1351820
2021-02-26,2529.699951171875,2546.949951171875,2463.64990234375,2498.60009765625,2498.60009765625,1695786
2021-03-01,2523.0,2568.89990234375,2497.14990234375,2556.14990234375,2556.14990234375,1283153
2021-03-02,2584.0,2611.0,2530.0,2602.300048828125,2602.300048828125,1491743
2021-03-03,2605.800048828125,2626.85009765625,2571.10009765625,2599.050048828125,2599.050048828125,1289447
2021-03-04,2570.0,2633.0,2545.35009765625,2593.199951171875,2593.199951171875,1353079
2021-03-05,2584.800048828125,2634.199951171875,2560.0,2587.75,2587.75,1153319
2021-03-08,2600.64990234375,2643.5,2575.0,2583.25,2583.25,950809
2021-03-09,2600.0,2618.300048828125,2573.0,2592.699951171875,2592.699951171875,677915
2021-03-10,2600.0,2687.0,2598.89990234375,2672.300048828125,2672.300048828125,1977416
2021-03-12,2699.0,2699.0,2610.10009765625,2637.5,2637.5,1109504
2021-03-15,2640.60009765625,2683.5,2585.35009765625,2669.449951171875,2669.449951171875,839684
2021-03-16,2652.449951171875,2683.64990234375,2626.0,2661.050048828125,2661.050048828125,654829
2021-03-17,2667.050048828125,2668.89990234375,2630.050048828125,2647.0,2647.0,634977
2021-03-18,2665.60009765625,2697.949951171875,2635.0,2664.60009765625,2664.60009765625,1066000
2021-03-19,2644.0,2677.0,2600.0,2661.5,2661.5,906718
2021-03-22,2668.0,2692.0,2650.050048828125,2676.85009765625,2676.85009765625,694227
2021-03-23,2679.0,2716.0,2666.0,2702.75,2702.75,1134037
2021-03-24,2700.0,2706.5,2629.050048828125,2660.64990234375,2660.64990234375,1149589
2021-03-25,2635.550048828125,2651.0,2548.0,2580.449951171875,2580.449951171875,1119611
2021-03-26,2620.0,2620.949951171875,2551.050048828125,2560.550048828125,2560.550048828125,676278
2021-03-30,2574.0,2653.699951171875,2561.35009765625,2639.949951171875,2639.949951171875,980304
2021-03-31,2635.0,2648.699951171875,2580.10009765625,2603.949951171875,2603.949951171875,829495
2021-04-01,2610.800048828125,2649.0,2588.85009765625,2631.14990234375,2631.14990234375,744423
2021-04-05,2596.0,2603.0,2507.0,2517.199951171875,2517.199951171875,1205767
2021-04-06,2534.800048828125,2553.0,2478.050048828125,2486.60009765625,2486.60009765625,916830
2021-04-07,2500.0,2547.199951171875,2490.0,2538.199951171875,2538.199951171875,684434
2021-04-08,2558.5,2595.0,2548.0,2553.0,2553.0,760845
2021-04-09,2550.0,2575.0,2515.0,2521.60009765625,2521.60009765625,719036
2021-04-12,2490.0,2510.0,2395.14990234375,2427.199951171875,2427.199951171875,1050225
2021-04-13,2427.199951171875,2504.949951171875,2420.199951171875,2493.85009765625,2493.85009765625,720904
2021-04-15,2475.0,2489.89990234375,2378.0,2412.60009765625,2412.60009765625,1979939
2021-04-16,2415.0,2469.89990234375,2415.0,2434.85009765625,2434.85009765625,789681
2021-04-19,2375.0,2386.0,2318.10009765625,2370.35009765625,2370.35009765625,882318
2021-04-20,2399.85009765625,2404.449951171875,2318.89990234375,2340.0,2340.0,1040931
2021-04-22,2326.800048828125,2348.10009765625,2303.699951171875,2337.85009765625,2337.85009765625,834721
2021-04-23,2310.0,2357.14990234375,2304.10009765625,2317.300048828125,2317.300048828125,962271
2021-04-26,2329.5,2376.14990234375,2329.5,2369.85009765625,2369.85009765625,1330072
2021-04-27,2369.85009765625,2407.0,2366.699951171875,2400.10009765625,2400.10009765625,523800
2021-04-28,2428.0,2540.0,2410.14990234375,2521.199951171875,2521.199951171875,1681975
2021-04-29,2526.0,2547.25,2452.89990234375,2462.89990234375,2462.89990234375,1170842
2021-04-30,2442.0,2470.25,2414.0,2421.64990234375,2421.64990234375,646257
2021-05-03,2382.5,2416.25,2367.5,2396.25,2396.25,461085
2021-05-04,2398.39990234375,2416.85009765625,2356.10009765625,2368.0,2368.0,623484
2021-05-05,2377.0,2387.199951171875,2356.550048828125,2372.39990234375,2372.39990234375,382620
2021-05-06,2384.800048828125,2447.949951171875,2377.0,2443.25,2443.25,628779
2021-05-07,2450.0,2457.050048828125,2403.10009765625,2417.14990234375,2417.14990234375,464237
2021-05-10,2427.14990234375,2450.0,2417.550048828125,2447.25,2447.25,350564
2021-05-11,2410.5,2477.89990234375,2410.5,2471.199951171875,2471.199951171875,500446
2021-05-12,2464.0,2485.0,2438.14990234375,2456.449951171875,2456.449951171875,334233
2021-05-14,2455.199951171875,2457.60009765625,2400.0,2415.199951171875,2415.199951171875,429170
2021-05-17,2417.0,2489.949951171875,2410.050048828125,2484.35009765625,2484.35009765625,577279
2021-05-18,2500.0,2583.89990234375,2492.60009765625,2571.85009765625,2571.85009765625,1022419
2021-05-19,2550.0,2615.0,2540.35009765625,2564.699951171875,2564.699951171875,1086010
2021-05-20,2565.0,2582.0,2521.199951171875,2530.60009765625,2530.60009765625,509274
2021-05-21,2550.0,2559.5,2513.550048828125,2522.300048828125,2522.300048828125,743110
2021-05-24,2541.0,2579.0,2526.60009765625,2551.199951171875,2551.199951171875,850202
2021-05-25,2565.0,2634.0,2565.0,2625.050048828125,2625.050048828125,1018896
2021-05-26,2640.0,2656.14990234375,2607.050048828125,2633.5,2633.5,1026040
2021-05-27,2649.0,2677.0,2589.14990234375,2604.050048828125,2604.050048828125,1507004
2021-05-28,2630.0,2710.0,2626.10009765625,2638.449951171875,2638.449951171875,2284342
2021-05-31,2638.449951171875,2686.0,2615.39990234375,2676.14990234375,2676.14990234375,838679
2021-06-01,2610.0,2704.0,2610.0,2665.800048828125,2665.800048828125,1126551
2021-06-02,2645.550048828125,2694.0,2638.10009765625,2677.75,2677.75,659428
2021-06-03,2680.199951171875,2774.5,2678.050048828125,2767.75,2767.75,1265747
2021-06-04,2767.449951171875,2775.0,2724.10009765625,2744.60009765625,2744.60009765625,621362
2021-06-07,2750.25,2797.89990234375,2745.10009765625,2754.449951171875,2754.449951171875,602326
2021-06-08,2765.0,2779.0,2745.0,2763.800048828125,2763.800048828125,441932
2021-06-09,2766.199951171875,2774.449951171875,2718.10009765625,2729.050048828125,2729.050048828125,471760
2021-06-10,2729.050048828125,2755.0,2691.0,2705.050048828125,2705.050048828125,571287
2021-06-11,2721.39990234375,2752.550048828125,2710.85009765625,2746.39990234375,2746.39990234375,596669
2021-06-14,2740.0,2771.85009765625,2711.0,2744.949951171875,2744.949951171875,525550
2021-06-15,2745.0,2787.050048828125,2740.64990234375,2763.5,2763.5,646742
2021-06-16,2751.0,2777.64990234375,2724.300048828125,2741.050048828125,2741.050048828125,312868
2021-06-17,2720.0,2772.89990234375,2664.699951171875,2673.75,2673.75,701970
2021-06-18,2673.89990234375,2715.0,2644.199951171875,2707.550048828125,2707.550048828125,649498
2021-06-21,2662.0,2742.0,2662.0,2698.449951171875,2698.449951171875,528922
2021-06-22,2700.0,2759.35009765625,2698.0,2718.199951171875,2718.199951171875,477522
2021-06-23,2721.0,2763.0,2708.60009765625,2728.60009765625,2728.60009765625,432919
2021-06-24,2728.60009765625,2735.0,2694.0,2706.75,2706.75,402741
2021-06-25,2701.0,2725.0,2683.0,2720.800048828125,2720.800048828125,455803
2021-06-28,2723.5,2752.949951171875,2712.60009765625,2740.449951171875,2740.449951171875,243077
2021-06-29,2740.0,2749.0,2700.0,2705.10009765625,2705.10009765625,290136
2021-06-30,2707.550048828125,2725.0,2665.14990234375,2671.14990234375,2671.14990234375,391735
2021-07-01,2680.0,2709.0,2667.89990234375,2675.300048828125,2675.300048828125,463026
2021-07-02,2674.0,2691.10009765625,2642.0,2661.0,2661.0,621222
2021-07-05,2675.64990234375,2720.0,2671.14990234375,2701.050048828125,2701.050048828125,489159
2021-07-06,2704.0,2731.14990234375,2693.449951171875,2711.14990234375,2711.14990234375,331769
2021-07-07,2716.550048828125,2738.89990234375,2696.800048828125,2710.85009765625,2710.85009765625,517132
2021-07-08,2705.10009765625,2737.0,2705.10009765625,2729.300048828125,2729.300048828125,509968
2021-07-09,2740.0,2765.0,2686.050048828125,2712.14990234375,2712.14990234375,971880
